{
    "backtest": {
        "name": "eigen",
        "win": 103.05723636793942,
        "weights": {
            "AAPL": -0.036986641363713525,
            "AMD": -0.09838586297328229,
            "AMZN": -0.06093447851967977,
            "AVAX-USD": 0.0015523223758963348,
            "EEM": -0.01882162011199637,
            "GOOG": -0.044506542300772084,
            "KDP": -0.01819995030372219,
            "MSFT": -0.03477442352866217,
            "NVDA": -0.14799469960340655,
            "TSLA": 0.5182950291578967,
            "WM": -0.01954842976097191
        }
    },
    "future": {
        "name": "minvar",
        "win": 3.6527614289972865,
        "weights": {
            "AAPL": 0.013285149012951764,
            "AMD": -0.048822419997034676,
            "AMZN": -0.07078563294766901,
            "AVAX-USD": 0.02155118572963035,
            "EEM": 0.3737050374278138,
            "GOOG": -0.04590333503255376,
            "KDP": 0.17512264504691002,
            "MSFT": 0.011079710278392265,
            "NVDA": -0.05203937130844608,
            "TSLA": -0.00425037050674801,
            "WM": 0.18345514271185023
        }
    },
    "sim": {
        "name": "minvar",
        "win": 78.18588435055366,
        "weights": {
            "AAPL": 0.013285149012951764,
            "AMD": -0.048822419997034676,
            "AMZN": -0.07078563294766901,
            "AVAX-USD": 0.02155118572963035,
            "EEM": 0.3737050374278138,
            "GOOG": -0.04590333503255376,
            "KDP": 0.17512264504691002,
            "MSFT": 0.011079710278392265,
            "NVDA": -0.05203937130844608,
            "TSLA": -0.00425037050674801,
            "WM": 0.18345514271185023
        }
    }
}