{
    "backtest": {
        "name": "eigen",
        "win": 36.981234950714786,
        "weights": {
            "AVAX-USD": 0.0029861119255801863,
            "TSLA": 0.9970138880744198
        }
    },
    "future": {
        "name": "minvar",
        "win": 6.32309520598583,
        "weights": {
            "AAPL": 0.017071663197620126,
            "AVAX-USD": 0.027693673885548782,
            "EEM": 0.48021791309995776,
            "KDP": 0.2250358510546336,
            "MSFT": 0.014237633466927633,
            "WM": 0.2357432652953121
        }
    },
    "sim": {
        "name": "minvar",
        "win": 130.93061520494507,
        "weights": {
            "AAPL": 0.017071663197620126,
            "AVAX-USD": 0.027693673885548782,
            "EEM": 0.48021791309995776,
            "KDP": 0.2250358510546336,
            "MSFT": 0.014237633466927633,
            "WM": 0.2357432652953121
        }
    }
}