{
    "backtest": {
        "name": "eigen",
        "win": 36.981234950714786,
        "weights": {
            "AVAX-USD": 0.03910653704231704,
            "TSLA": 13.057032528380974
        }
    },
    "future": {
        "name": "minvar",
        "win": 6.317722863915222,
        "weights": {
            "AAPL": 0.02387707218767723,
            "AVAX-USD": 0.03873341705800644,
            "EEM": 0.6716508897915611,
            "KDP": 0.314743630907381,
            "MSFT": 0.019913291290734433,
            "WM": 0.3297194244084901
        }
    },
    "sim": {
        "name": "minvar",
        "win": 104.73395709327767,
        "weights": {
            "AAPL": 0.02387707218767723,
            "AVAX-USD": 0.03873341705800644,
            "EEM": 0.6716508897915611,
            "KDP": 0.314743630907381,
            "MSFT": 0.019913291290734433,
            "WM": 0.3297194244084901
        }
    }
}