{
    "lookback": 5,
    "win": 163431235.7870367,
    "baselineWin": 412.4391602914658
}