{
    "backtest": {
        "name": "gen",
        "win": 82.73705384965294,
        "weights": {
            "AAPL": 0.9744098607488975,
            "AMD": -0.2778378080385802,
            "AMZN": 1.352282143959139,
            "EEM": -0.6230116819878121,
            "ETH-USD": -0.3638709120997227,
            "MSFT": 0.6176506178829344,
            "NFLX": 1.4497243803246722,
            "NVDA": 0.14733142516831432,
            "SQQQ": 1.5676090062256574,
            "TSLA": -0.17738059882353843
        }
    },
    "future": {
        "name": "sharpe",
        "win": 12.50995836903817,
        "weights": {
            "AAPL": -0.31674048749189454,
            "AMD": -0.07958492709050748,
            "AMZN": 0.60630399812488,
            "EEM": 0.011023893159859643,
            "ETH-USD": -0.15070676570679295,
            "MSFT": 0.4273651885031664,
            "NFLX": 0.5037641672616561,
            "NVDA": 0.231250299116235,
            "SQQQ": 0.42597452505668404,
            "TSLA": -0.6586498909332861
        }
    },
    "sim": {
        "name": "gen",
        "win": 36.274712755102286,
        "weights": {
            "AAPL": 0.9744098607488975,
            "AMD": -0.2778378080385802,
            "AMZN": 1.352282143959139,
            "EEM": -0.6230116819878121,
            "ETH-USD": -0.3638709120997227,
            "MSFT": 0.6176506178829344,
            "NFLX": 1.4497243803246722,
            "NVDA": 0.14733142516831432,
            "SQQQ": 1.5676090062256574,
            "TSLA": -0.17738059882353843
        }
    }
}